PCDS,LAT,LONG
HS1 2AA,58.20817,-6.380048
HS1 2AB,58.20848,-6.383154
HS1 2AD,58.20875,-6.386339
HS1 2AE,58.20688,-6.386568
HS1 2AF,58.22108,-6.383603
HS1 2AG,58.21325,-6.382005
HS1 2AH,58.2205,-6.395206
HS1 2AJ,58.21495,-6.385094
HS1 2AL,58.20782,-6.375149
HS1 2AN,58.20907,-6.379359
HS1 2AP,58.21869,-6.371632
HS1 2AQ,58.21719,-6.373118
HS1 2AR,58.21775,-6.378691
HS1 2AY,58.20817,-6.380048
HS1 2BA,58.20797,-6.39069
HS1 2BB,58.2077,-6.385783
HS1 2BD,58.20829,-6.390217
HS1 2BE,58.20801,-6.389689
HS1 2BG,58.20806,-6.389355
HS1 2BJ,58.2081,-6.38769
HS1 2BL,58.20775,-6.388294
HS1 2BN,58.20803,-6.386028
HS1 2BQ,58.20807,-6.387567
HS1 2BS,58.20691,-6.384765
HS1 2BT,58.207,-6.38505
HS1 2BU,58.20655,-6.383886
HS1 2BW,58.20898,-6.378717
HS1 2DA,58.2086,-6.388262
HS1 2DB,58.20819,-6.387906
HS1 2DD,58.20945,-6.388401
HS1 2DE,58.20817,-6.380048
HS1 2DF,58.20947,-6.389052
HS1 2DG,58.21084,-6.388591
HS1 2DH,58.20995,-6.387901
HS1 2DJ,58.21406,-6.385377
HS1 2DL,58.21006,-6.383247
HS1 2DN,58.21415,-6.380378
HS1 2DP,58.20824,-6.386701
HS1 2DQ,58.20885,-6.38722
HS1 2DR,58.20949,-6.387623
HS1 2DS,58.21063,-6.387968
HS1 2DT,58.21134,-6.388294
HS1 2DU,58.21225,-6.387623
HS1 2DW,58.21415,-6.380378
HS1 2DX,58.21332,-6.386324
HS1 2DY,58.21305,-6.387791
HS1 2DZ,58.21438,-6.38574
HS1 2EA,58.20688,-6.382785
HS1 2EB,58.21306,-6.387434
HS1 2ED,58.2108,-6.388568
HS1 2EG,58.21728,-6.384428
HS1 2EH,58.21766,-6.386605
HS1 2EJ,58.2183,-6.387605
HS1 2EN,58.21869,-6.388607
HS1 2EP,58.22022,-6.396586
HS1 2EU,58.21973,-6.387202
HS1 2EW,58.21973,-6.392128
HS1 2EX,58.21881,-6.387548
HS1 2EY,58.21863,-6.385634
HS1 2EZ,58.21873,-6.386294
HS1 2FA,58.20911,-6.37892
HS1 2FB,58.20911,-6.37892
HS1 2FD,58.20911,-6.37892
HS1 2FE,58.20911,-6.37892
HS1 2FF,58.20911,-6.37892
HS1 2FG,58.20911,-6.37892
HS1 2FH,58.20911,-6.37892
HS1 2FJ,58.20911,-6.37892
HS1 2FL,58.20911,-6.37892
HS1 2FP,58.20911,-6.37892
HS1 2FQ,58.20911,-6.37892
HS1 2FR,58.20911,-6.37892
HS1 2GA,58.20911,-6.37892
HS1 2GB,58.20911,-6.37892
HS1 2GD,58.20911,-6.37892
HS1 2GE,58.20911,-6.37892
HS1 2GF,58.20911,-6.37892
HS1 2GG,58.20911,-6.37892
HS1 2GH,58.20911,-6.37892
HS1 2GJ,58.20911,-6.37892
HS1 2GL,58.20911,-6.37892
HS1 2GN,58.20911,-6.37892
HS1 2GP,58.20911,-6.37892
HS1 2GQ,58.20911,-6.37892
HS1 2GR,58.20911,-6.37892
HS1 2GS,58.20911,-6.37892
HS1 2GT,58.20911,-6.37892
HS1 2GU,58.20911,-6.37892
HS1 2GW,58.20911,-6.37892
HS1 2GY,58.20911,-6.37892
HS1 2GZ,58.20911,-6.37892
HS1 2HA,58.21831,-6.387112
HS1 2HB,58.21788,-6.386207
HS1 2HD,58.21756,-6.385588
HS1 2HE,58.2179,-6.384061
HS1 2HF,58.21745,-6.381484
HS1 2HG,58.21817,-6.384537
HS1 2HH,58.21851,-6.38221
HS1 2HJ,58.21772,-6.380137
HS1 2HL,58.21728,-6.382962
HS1 2HN,58.21672,-6.381222
HS1 2HP,58.21544,-6.381849
HS1 2HQ,58.21814,-6.383102
HS1 2HR,58.21612,-6.37999
HS1 2HT,58.21495,-6.383646
HS1 2HU,58.21618,-6.383729
HS1 2HY,58.21621,-6.382268
HS1 2HZ,58.21415,-6.380378
HS1 2JA,58.20956,-6.385331
HS1 2JB,58.20979,-6.386381
HS1 2JD,58.21027,-6.386509
HS1 2JE,58.21045,-6.385407
HS1 2JF,58.20958,-6.384039
HS1 2JG,58.2108,-6.386268
HS1 2JH,58.21203,-6.386608
HS1 2JJ,58.21254,-6.385734
HS1 2JL,58.21188,-6.385227
HS1 2JN,58.21151,-6.385998
HS1 2JP,58.20817,-6.380065
HS1 2JQ,58.21128,-6.38747
HS1 2JR,58.21156,-6.383858
HS1 2JS,58.21275,-6.384789
HS1 2JT,58.21277,-6.385302
HS1 2JU,58.21268,-6.384132
HS1 2JW,58.21089,-6.385325
HS1 2JX,58.21378,-6.385666
HS1 2JY,58.21358,-6.384908
HS1 2JZ,58.21054,-6.386696
HS1 2LA,58.21407,-6.384389
HS1 2LB,58.21536,-6.384174
HS1 2LD,58.21697,-6.378544
HS1 2LE,58.21621,-6.3792
HS1 2LF,58.21538,-6.378586
HS1 2LG,58.21466,-6.379879
HS1 2LH,58.21422,-6.381664
HS1 2LJ,58.21742,-6.379775
HS1 2LL,58.21368,-6.382023
HS1 2LP,58.21273,-6.382195
HS1 2LQ,58.21519,-6.380693
HS1 2LR,58.21203,-6.38274
HS1 2LS,58.21074,-6.384097
HS1 2LT,58.21421,-6.380147
HS1 2LU,58.2149,-6.385498
HS1 2LW,58.2127,-6.382925
HS1 2NA,58.2085,-6.385575
HS1 2NB,58.20855,-6.38582
HS1 2ND,58.20877,-6.384621
HS1 2NE,58.21291,-6.375844
HS1 2NF,58.20916,-6.383595
HS1 2NG,58.20906,-6.381946
HS1 2NH,58.21381,-6.375495
HS1 2NJ,58.21162,-6.380627
HS1 2NL,58.21349,-6.37699
HS1 2NN,58.21316,-6.374223
HS1 2NP,58.21218,-6.376112
HS1 2NQ,58.21045,-6.382016
HS1 2NR,58.21526,-6.373715
HS1 2NS,58.21445,-6.375182
HS1 2NW,58.21319,-6.374346
HS1 2NX,58.2153,-6.373583
HS1 2NY,58.21431,-6.372234
HS1 2NZ,58.21411,-6.370215
HS1 2PA,58.21186,-6.372392
HS1 2PB,58.21243,-6.370435
HS1 2PG,58.21504,-6.370603
HS1 2PH,58.21354,-6.369635
HS1 2PJ,58.21253,-6.371418
HS1 2PL,58.21303,-6.370867
HS1 2PN,58.20915,-6.380782
HS1 2PP,58.2136,-6.371124
HS1 2PQ,58.21423,-6.36839
HS1 2PR,58.21358,-6.372025
HS1 2PS,58.2123,-6.373316
HS1 2PT,58.21142,-6.375695
HS1 2PU,58.20817,-6.380065
HS1 2PX,58.20817,-6.380048
HS1 2PY,58.21143,-6.376736
HS1 2PZ,58.20977,-6.381625
HS1 2QG,58.20829,-6.384731
HS1 2QH,58.20845,-6.384036
HS1 2QJ,58.20867,-6.382615
HS1 2QL,58.20879,-6.381437
HS1 2QN,58.2081,-6.38326
HS1 2QP,58.22008,-6.401102
HS1 2QQ,58.20795,-6.384963
HS1 2QR,58.22081,-6.397613
HS1 2QS,58.20786,-6.384457
HS1 2QT,58.20744,-6.382139
HS1 2QU,58.20779,-6.383409
HS1 2QW,58.20805,-6.383851
HS1 2QY,58.20687,-6.382802
HS1 2QZ,58.21976,-6.393751
HS1 2RA,58.20665,-6.379827
HS1 2RB,58.20632,-6.380774
HS1 2RD,58.20706,-6.377696
HS1 2RE,58.20558,-6.380614
HS1 2RF,58.20661,-6.37851
HS1 2RG,58.20817,-6.380048
HS1 2RJ,58.21441,-6.380171
HS1 2RL,58.20549,-6.375425
HS1 2RN,58.2053,-6.374907
HS1 2RP,58.20508,-6.374863
HS1 2RR,58.20459,-6.373201
HS1 2RS,58.20261,-6.38306
HS1 2RT,58.2031,-6.373614
HS1 2RW,58.20499,-6.376436
HS1 2RX,58.20448,-6.369729
HS1 2RY,58.2036,-6.370659
HS1 2RZ,58.20363,-6.36908
HS1 2SA,58.20911,-6.378903
HS1 2SD,58.20554,-6.370745
HS1 2SE,58.20539,-6.372755
HS1 2SF,58.20601,-6.372303
HS1 2SG,58.21296,-6.36336
HS1 2SH,58.20753,-6.36886
HS1 2SJ,58.20664,-6.371273
HS1 2SL,58.20773,-6.37047
HS1 2SQ,58.20718,-6.369755
HS1 2SR,58.2076,-6.367728
HS1 2SS,58.20802,-6.365633
HS1 2ST,58.21024,-6.364593
HS1 2SU,58.2086,-6.362432
HS1 2SX,58.20772,-6.361932
HS1 2TA,58.2125,-6.38048
HS1 2TB,58.21316,-6.379165
HS1 2TD,58.21412,-6.378653
HS1 2TE,58.21495,-6.376982
HS1 2TF,58.21404,-6.37791
HS1 2TG,58.21434,-6.376685
HS1 2TH,58.20817,-6.380048
HS1 2TJ,58.22173,-6.385864
HS1 2TL,58.21624,-6.373886
HS1 2TN,58.21616,-6.37449
HS1 2TP,58.21852,-6.381292
HS1 2TQ,58.21544,-6.375935
HS1 2TR,58.21899,-6.384196
HS1 2TS,58.22017,-6.386591
HS1 2TT,58.22126,-6.386744
HS1 2TU,58.22073,-6.390154
HS1 2TW,58.2173,-6.376454
HS1 2TX,58.22119,-6.389087
HS1 2TY,58.22206,-6.395229
HS1 2TZ,58.22176,-6.393878
HS1 2UA,58.22149,-6.392993
HS1 2UB,58.22159,-6.391761
HS1 2UD,58.21617,-6.372872
HS1 2UE,58.21926,-6.373765
HS1 2UF,58.22007,-6.379012
HS1 2UG,58.21877,-6.381186
HS1 2UH,58.22252,-6.393888
HS1 2UJ,58.22281,-6.392782
HS1 2UL,58.21325,-6.360345
HS1 2UN,58.21269,-6.360039
HS1 2UP,58.21247,-6.360573
HS1 2UQ,58.21994,-6.385728
HS1 2UR,58.21257,-6.358269
HS1 2UT,58.21386,-6.36158
HS1 2UU,58.21382,-6.359239
HS1 2UW,58.21365,-6.363189
HS1 2UX,58.21186,-6.356239
HS1 2UY,58.21982,-6.383702
HS1 2UZ,58.21389,-6.360679
HS1 2WD,58.20817,-6.380048
HS1 2WE,58.20817,-6.380048
HS1 2WH,58.20817,-6.380048
HS1 2WN,58.20817,-6.380048
HS1 2WS,58.20817,-6.380048
HS1 2WT,58.20817,-6.380048
HS1 2WU,58.20817,-6.380048
HS1 2WX,58.20817,-6.380048
HS1 2WZ,58.20817,-6.380048
HS1 2XA,58.20809,-6.390909
HS1 2XB,58.20872,-6.386557
HS1 2XD,58.20845,-6.387444
HS1 2XE,58.20862,-6.387192
HS1 2XF,58.20818,-6.389233
HS1 2XG,58.20833,-6.389268
HS1 2XH,58.20817,-6.380065
HS1 2XJ,58.20838,-6.389974
HS1 2XL,58.20817,-6.380048
HS1 2XN,58.20835,-6.39152
HS1 2XP,58.20829,-6.391292
HS1 2XQ,58.20859,-6.388909
HS1 2XR,58.2079,-6.391551
HS1 2XS,58.20807,-6.391707
HS1 2XT,58.20798,-6.392037
HS1 2XU,58.20713,-6.391233
HS1 2XW,58.20817,-6.380048
HS1 2XX,58.20779,-6.39111
HS1 2XY,58.20776,-6.390919
HS1 2XZ,58.20817,-6.380048
HS1 2YA,58.22208,-6.383061
HS1 2YB,58.22194,-6.383845
HS1 2YD,58.22321,-6.386592
HS1 2YE,58.22328,-6.388084
HS1 2YF,58.2231,-6.389034
HS1 2YG,58.22212,-6.388128
HS1 2YH,58.22227,-6.387022
HS1 2YJ,58.22231,-6.388424
HS1 2YL,58.22223,-6.389966
HS1 2YN,58.22242,-6.391932
HS1 2YP,58.22297,-6.390398
HS1 2YQ,58.21415,-6.380378
HS1 2YR,58.22281,-6.384839
HS1 2YS,58.22199,-6.385198
HS1 2YT,58.22034,-6.393703
HS1 2YU,58.22091,-6.39541
HS1 2YW,58.22253,-6.39048
HS1 2YX,58.22031,-6.393717
HS1 2YY,58.20817,-6.380048
HS1 2YZ,58.20817,-6.380048
HS1 2ZA,58.20817,-6.380048
HS1 2ZB,58.20817,-6.380065
HS1 2ZD,58.20817,-6.380048
HS1 9AA,58.20817,-6.380065
HS1 9AB,58.20817,-6.380048
HS1 9AD,58.20817,-6.380065
HS1 9AE,58.20817,-6.380065
HS1 9AF,58.20817,-6.380048
HS1 9AG,58.20817,-6.380048
HS1 9AH,58.20817,-6.380065
HS1 9AJ,58.20817,-6.380048
HS1 9AL,58.20817,-6.380065
HS1 9AN,58.20817,-6.380065
HS1 9AP,58.20817,-6.380065
HS1 9AQ,58.20817,-6.380065
HS1 9AR,58.20817,-6.380065
HS1 9AS,58.20817,-6.380065
HS1 9AT,58.20817,-6.380065
HS1 9AU,58.20817,-6.380065
HS1 9AW,58.20817,-6.380065
HS1 9ZZ,58.20817,-6.380048
HS2 0AA,58.21889,-6.349961
HS2 0AB,58.21363,-6.335326
HS2 0AD,58.20809,-6.352641
HS2 0AE,58.202,-6.357856
HS2 0AF,58.2094,-6.350502
HS2 0AG,58.20444,-6.351819
HS2 0AH,58.19503,-6.354174
HS2 0AJ,58.24653,-6.335664
HS2 0AL,58.20455,-6.346261
HS2 0AN,58.20282,-6.343682
HS2 0AP,58.20177,-6.351611
HS2 0AQ,58.19503,-6.354174
HS2 0AR,58.20262,-6.340948
HS2 0AS,58.20257,-6.338915
HS2 0AT,58.20192,-6.340573
HS2 0AU,58.20164,-6.339824
HS2 0AW,58.20517,-6.340033
HS2 0AX,58.20159,-6.341198
HS2 0AY,58.20163,-6.33771
HS2 0AZ,58.19833,-6.328843
HS2 0BA,58.20367,-6.339697
HS2 0BB,58.20979,-6.316353
HS2 0BD,58.20925,-6.32024
HS2 0BE,58.24762,-6.320923
HS2 0BF,58.20414,-6.339686
HS2 0BG,58.21046,-6.316145
HS2 0BH,58.35249,-6.521159
HS2 0BJ,58.48553,-6.255181
HS2 0BL,58.20629,-6.339183
HS2 0BN,58.21412,-6.323389
HS2 0BP,58.19445,-6.26493
HS2 0BQ,58.20497,-6.311712
HS2 0BR,58.21786,-6.410508
HS2 0BS,58.20577,-6.264552
HS2 0BT,58.21873,-6.412013
HS2 0BU,58.25348,-6.340096
HS2 0BW,58.20241,-6.268662
HS2 0BX,58.29601,-6.298992
HS2 0BY,58.46553,-6.311402
HS2 0BZ,58.34809,-6.523436
HS2 0DA,58.2198,-6.406488
HS2 0DB,58.21905,-6.408116
HS2 0DD,58.21647,-6.410488
HS2 0DE,58.21369,-6.417334
HS2 0DF,58.21769,-6.415701
HS2 0DG,58.21825,-6.416096
HS2 0DH,58.22101,-6.41303
HS2 0DJ,58.22047,-6.417871
HS2 0DL,58.22038,-6.416463
HS2 0DN,58.22473,-6.407372
HS2 0DP,58.22513,-6.394995
HS2 0DQ,58.22536,-6.394052
HS2 0DR,58.22725,-6.392478
HS2 0DS,58.22589,-6.38718
HS2 0DT,58.23056,-6.384944
HS2 0DU,58.23721,-6.383379
HS2 0DW,58.22897,-6.40691
HS2 0DX,58.21891,-6.409053
HS2 0DY,58.23169,-6.389824
HS2 0DZ,58.23323,-6.400176
HS2 0EA,58.23724,-6.394484
HS2 0EB,58.23553,-6.390538
HS2 0ED,58.24249,-6.391297
HS2 0EE,58.24863,-6.401508
HS2 0EF,58.24717,-6.398479
HS2 0EG,58.22468,-6.384251
HS2 0EH,58.21993,-6.412316
HS2 0EJ,58.24993,-6.399145
HS2 0EL,58.2128,-6.417154
HS2 0EN,58.24781,-6.396836
HS2 0EP,58.24192,-6.165456
HS2 0EQ,58.21907,-6.41076
HS2 0ER,58.24142,-6.165328
HS2 0ES,58.24114,-6.165244
HS2 0ET,58.24913,-6.402986
HS2 0EU,58.24277,-6.159808
HS2 0EW,58.2284,-6.169424
HS2 0EX,58.24216,-6.166574
HS2 0EY,58.24723,-6.161645
HS2 0EZ,58.25031,-6.160539
HS2 0FS,58.22506,-6.383344
HS2 0GS,58.22432,-6.38407
HS2 0GT,58.23063,-6.386163
HS2 0HA,58.25038,-6.153998
HS2 0HB,58.26086,-6.139069
HS2 0HD,58.25747,-6.162898
HS2 0HE,58.25033,-6.171083
HS2 0HF,58.24581,-6.328651
HS2 0HG,58.28869,-6.306453
HS2 0HH,58.29577,-6.297869
HS2 0HJ,58.24586,-6.347009
HS2 0HL,58.24361,-6.351304
HS2 0HP,58.24469,-6.352818
HS2 0HQ,58.29601,-6.298992
HS2 0HR,58.24633,-6.357182
HS2 0HS,58.24366,-6.344949
HS2 0HT,58.2463,-6.33028
HS2 0HU,58.24793,-6.336364
HS2 0HW,58.24472,-6.354067
HS2 0HX,58.24775,-6.34458
HS2 0HY,58.24142,-6.350063
HS2 0HZ,58.23917,-6.352243
HS2 0JA,58.24016,-6.35257
HS2 0JB,58.24028,-6.353233
HS2 0JD,58.24586,-6.354651
HS2 0JE,58.27621,-6.300327
HS2 0JF,58.24346,-6.355823
HS2 0JG,58.24644,-6.353102
HS2 0JH,58.25304,-6.145133
HS2 0JJ,58.24302,-6.327748
HS2 0JN,58.2747,-6.305708
HS2 0JP,58.27439,-6.308451
HS2 0JR,58.27106,-6.305095
HS2 0JS,58.2739,-6.295009
HS2 0JT,58.23015,-6.385797
HS2 0JW,58.2746,-6.306839
HS2 0JY,58.27603,-6.301874
HS2 0JZ,58.27629,-6.30614
HS2 0LA,58.27685,-6.301155
HS2 0LB,58.27936,-6.300675
HS2 0LD,58.28532,-6.304114
HS2 0LE,58.27696,-6.294272
HS2 0LF,58.28192,-6.301429
HS2 0LH,58.28846,-6.304546
HS2 0LJ,58.27733,-6.289673
HS2 0LN,58.27773,-6.294382
HS2 0LP,58.27788,-6.321288
HS2 0LQ,58.28249,-6.292416
HS2 0LR,58.27469,-6.325422
HS2 0LS,58.2679,-6.332887
HS2 0LT,58.25783,-6.332679
HS2 0LW,58.25634,-6.335772
HS2 0NA,58.28191,-6.282461
HS2 0NB,58.29697,-6.280166
HS2 0ND,58.32037,-6.230461
HS2 0NE,58.34652,-6.213993
HS2 0NF,58.33739,-6.221061
HS2 0NG,58.34138,-6.216732
HS2 0NH,58.3461,-6.213686
HS2 0NJ,58.3428,-6.208761
HS2 0NL,58.34812,-6.212029
HS2 0NN,58.35394,-6.216862
HS2 0NP,58.33757,-6.206667
HS2 0NQ,58.34038,-6.201238
HS2 0NR,58.34031,-6.202803
HS2 0NT,58.34063,-6.197319
HS2 0NW,58.34376,-6.205642
HS2 0PA,58.20489,-6.28419
HS2 0PB,58.20809,-6.276534
HS2 0PD,58.20831,-6.25954
HS2 0PE,58.20868,-6.252736
HS2 0PF,58.21022,-6.249871
HS2 0PH,58.2114,-6.247558
HS2 0PJ,58.21436,-6.24701
HS2 0PL,58.21678,-6.234689
HS2 0PN,58.218,-6.245435
HS2 0PP,58.23181,-6.206717
HS2 0PQ,58.21,-6.248293
HS2 0PR,58.21622,-6.242597
HS2 0PS,58.2206,-6.223419
HS2 0PT,58.23428,-6.199593
HS2 0PU,58.23512,-6.200392
HS2 0PW,58.22035,-6.227923
HS2 0PX,58.21449,-6.232149
HS2 0PY,58.21955,-6.22505
HS2 0PZ,58.23119,-6.205877
HS2 0QA,58.20345,-6.219642
HS2 0QB,58.19912,-6.224373
HS2 0QD,58.19449,-6.217709
HS2 0QE,58.19488,-6.222592
HS2 0QF,58.2018,-6.22798
HS2 0QG,58.20866,-6.214486
HS2 0QH,58.20599,-6.201238
HS2 0QN,58.35234,-6.532672
HS2 0QQ,58.20899,-6.213264
HS2 0QR,58.3575,-6.529024
HS2 0QS,58.35343,-6.522649
HS2 0QW,58.35504,-6.55155
HS2 0QX,58.36649,-6.50743
HS2 0QY,58.35735,-6.513261
HS2 0QZ,58.35017,-6.513215
HS2 0RA,58.34807,-6.517703
HS2 0RB,58.34616,-6.512652
HS2 0RG,58.3922,-6.484888
HS2 0RH,58.40203,-6.468064
HS2 0RJ,58.40419,-6.463711
HS2 0RL,58.40336,-6.460368
HS2 0RQ,58.398,-6.476376
HS2 0RR,58.42662,-6.429214
HS2 0RS,58.42054,-6.429512
HS2 0RT,58.41375,-6.437793
HS2 0RU,58.41526,-6.434469
HS2 0RX,58.41516,-6.44097
HS2 0RY,58.28775,-6.301165
HS2 0RZ,58.41208,-6.455766
HS2 0SD,58.24867,-6.407347
HS2 0SE,58.4342,-6.400897
HS2 0SF,58.44575,-6.363609
HS2 0SG,58.43377,-6.401151
HS2 0SH,58.44133,-6.392664
HS2 0SJ,58.44389,-6.378816
HS2 0SN,58.47331,-6.284085
HS2 0SP,58.46812,-6.312852
HS2 0SR,58.47267,-6.328259
HS2 0ST,58.46724,-6.315833
HS2 0SU,58.46986,-6.28586
HS2 0SW,58.4693,-6.292537
HS2 0SY,58.47389,-6.280876
HS2 0SZ,58.47603,-6.277978
HS2 0TA,58.48073,-6.268799
HS2 0TB,58.47614,-6.266249
HS2 0TD,58.47461,-6.271266
HS2 0TG,58.48492,-6.255692
HS2 0TH,58.47895,-6.239619
HS2 0TJ,58.48502,-6.240851
HS2 0TL,58.48487,-6.238754
HS2 0TN,58.48629,-6.241535
HS2 0TQ,58.47838,-6.252169
HS2 0TR,58.48205,-6.228782
HS2 0TS,58.47333,-6.218841
HS2 0TW,58.48257,-6.230356
HS2 0TX,58.47584,-6.208928
HS2 0WA,58.29601,-6.298992
HS2 0WB,58.20817,-6.380048
HS2 0WE,58.20817,-6.380048
HS2 0WZ,58.20817,-6.380048
HS2 0XA,58.49229,-6.230719
HS2 0XB,58.48946,-6.242555
HS2 0XD,58.49335,-6.250737
HS2 0XF,58.49839,-6.240043
HS2 0XG,58.50071,-6.252229
HS2 0XH,58.50249,-6.264539
HS2 0XJ,58.48629,-6.236642
HS2 0XP,58.21537,-6.389082
HS2 0XR,58.21349,-6.396672
HS2 0XS,58.21158,-6.394834
HS2 0YA,58.29578,-6.29787
HS2 0YB,58.29578,-6.29787
HS2 0YD,58.21297,-6.396522
HS2 0YE,58.29601,-6.298992
HS2 0YF,58.20817,-6.380048
HS2 0YG,58.20817,-6.380048
HS2 9AA,58.26439,-6.782489
HS2 9AB,58.15513,-6.50748
HS2 9AD,58.30028,-6.746949
HS2 9AE,58.31244,-6.733284
HS2 9AF,58.21527,-6.745131
HS2 9AG,58.2867,-6.766597
HS2 9AH,58.28352,-6.760037
HS2 9AJ,58.29252,-6.780364
HS2 9AL,58.29489,-6.784118
HS2 9AN,58.29282,-6.779448
HS2 9AP,58.28151,-6.793136
HS2 9AQ,58.28555,-6.749875
HS2 9AU,58.28,-6.765626
HS2 9AW,58.28304,-6.78086
HS2 9AX,58.27549,-6.756754
HS2 9AY,58.27434,-6.783679
HS2 9AZ,58.26883,-6.79352
HS2 9BD,58.3309,-6.668328
HS2 9BE,58.32673,-6.671078
HS2 9BG,58.31915,-6.675204
HS2 9BJ,58.3213,-6.698022
HS2 9BL,58.31449,-6.691886
HS2 9BP,58.3404,-6.669397
HS2 9BQ,58.32711,-6.682122
HS2 9BS,58.33261,-6.668196
HS2 9BW,58.33332,-6.66964
HS2 9DA,58.33571,-6.621829
HS2 9DB,58.34199,-6.596513
HS2 9DD,58.33392,-6.636336
HS2 9DE,58.33263,-6.635705
HS2 9DF,58.33348,-6.634722
HS2 9DG,58.33312,-6.635017
HS2 9DH,58.34112,-6.654627
HS2 9DJ,58.34528,-6.595352
HS2 9DL,58.33571,-6.621812
HS2 9DP,58.18825,-6.700983
HS2 9DQ,58.33178,-6.636483
HS2 9DR,58.18805,-6.749839
HS2 9DS,58.18953,-6.706569
HS2 9DT,58.17397,-6.608403
HS2 9DU,58.16985,-6.570437
HS2 9DW,58.24231,-6.781436
HS2 9DX,58.20291,-6.736339
HS2 9DY,58.20081,-6.736877
HS2 9DZ,58.21086,-6.73781
HS2 9EA,58.21518,-6.743176
HS2 9ED,58.21944,-6.73916
HS2 9EF,58.22116,-6.74955
HS2 9EH,58.16998,-6.719302
HS2 9EJ,58.17257,-6.73536
HS2 9EL,58.14032,-6.870313
HS2 9EN,58.11197,-6.861863
HS2 9EP,58.16734,-6.912489
HS2 9ER,58.19028,-6.936669
HS2 9ET,58.19099,-7.010074
HS2 9EU,58.17842,-7.031241
HS2 9EW,58.12678,-6.878578
HS2 9EX,58.17627,-7.050079
HS2 9EY,58.16982,-7.083215
HS2 9HA,58.13424,-7.110998
HS2 9HB,58.11678,-7.110566
HS2 9HE,58.20137,-6.954332
HS2 9HH,58.14964,-6.893403
HS2 9HJ,58.16,-6.894506
HS2 9HL,58.179,-6.904718
HS2 9HP,58.21551,-6.970201
HS2 9HR,58.22419,-6.954331
HS2 9HS,58.2214,-6.946916
HS2 9HU,58.20456,-6.924696
HS2 9HW,58.20598,-6.961673
HS2 9HX,58.20296,-6.946663
HS2 9JA,58.23162,-7.029172
HS2 9JB,58.19352,-6.430767
HS2 9JD,58.19655,-7.015255
HS2 9JE,58.19978,-7.013428
HS2 9JF,58.19257,-7.038375
HS2 9JG,58.20019,-7.010673
HS2 9JH,58.098,-6.861656
HS2 9JJ,58.19923,-7.015481
HS2 9JL,58.00718,-6.748607
HS2 9JN,58.20169,-6.424376
HS2 9JP,58.15179,-6.502634
HS2 9JR,58.13146,-6.505945
HS2 9JS,58.11017,-6.506769
HS2 9JT,58.10395,-6.491508
HS2 9JW,58.18544,-6.453224
HS2 9JX,58.10678,-6.479155
HS2 9JY,58.18947,-6.375274
HS2 9LA,58.10554,-6.550122
HS2 9LB,58.09372,-6.550566
HS2 9LE,58.05919,-6.673097
HS2 9LG,58.05551,-6.609697
HS2 9LN,58.19371,-6.792845
HS2 9LP,58.20224,-6.829833
HS2 9LQ,58.01601,-6.528913
HS2 9LS,58.20821,-6.824288
HS2 9LT,58.22862,-6.840502
HS2 9LU,58.22375,-6.837468
HS2 9LW,58.19949,-6.809779
HS2 9LX,58.21137,-6.78964
HS2 9LY,58.20696,-6.797429
HS2 9LZ,58.25461,-6.856324
HS2 9NA,58.242,-6.873652
HS2 9NB,58.22345,-6.859252
HS2 9ND,58.20908,-6.851012
HS2 9NF,58.17148,-6.474846
HS2 9NG,58.14292,-6.456048
HS2 9NH,58.14488,-6.412344
HS2 9NJ,58.15864,-6.43355
HS2 9NL,58.1395,-6.433103
HS2 9NN,58.13647,-6.410893
HS2 9NP,58.13263,-6.429697
HS2 9NR,58.14398,-6.472646
HS2 9NS,58.142,-6.455389
HS2 9NT,58.14454,-6.45654
HS2 9NU,58.14353,-6.464493
HS2 9NW,58.13811,-6.429037
HS2 9NX,58.14395,-6.488731
HS2 9NY,58.14844,-6.497787
HS2 9PA,58.15056,-6.500708
HS2 9PB,58.15542,-6.499691
HS2 9PE,58.15654,-6.497314
HS2 9PF,58.15816,-6.497536
HS2 9PJ,58.10247,-6.531653
HS2 9PN,58.09319,-6.592979
HS2 9PP,58.09261,-6.607868
HS2 9PR,58.09278,-6.605955
HS2 9PS,58.09163,-6.607606
HS2 9PT,58.08947,-6.619301
HS2 9PW,58.09767,-6.58068
HS2 9PX,58.0869,-6.63607
HS2 9QA,58.08889,-6.517343
HS2 9QB,58.08502,-6.540168
HS2 9QD,58.09026,-6.478812
HS2 9QE,58.09167,-6.472213
HS2 9QH,58.10242,-6.41609
HS2 9QJ,58.09448,-6.425399
HS2 9QL,58.09065,-6.432973
HS2 9QP,58.08347,-6.391025
HS2 9QR,58.06936,-6.38469
HS2 9QU,58.05486,-6.445563
HS2 9QX,58.04873,-6.42921
HS2 9QY,58.05295,-6.462358
HS2 9QZ,58.05473,-6.447141
HS2 9RA,58.0805,-6.612807
HS2 9RD,58.01711,-6.437615
HS2 9RE,58.02073,-6.441403
HS2 9RF,58.02065,-6.4428
HS2 9RG,58.01875,-6.46314
HS2 9WA,58.20817,-6.380048
HS2 9WB,58.20817,-6.380048
HS2 9WD,58.35732,-6.509835
HS2 9WU,58.20817,-6.380048
HS2 9WZ,58.35732,-6.509835
HS2 9YA,58.18825,-6.700983
HS2 9YB,58.35732,-6.509835
HS3 3AA,57.99241,-6.754016
HS3 3AB,58.00216,-6.756871
HS3 3AD,58.00399,-6.762484
HS3 3AE,57.85785,-6.994575
HS3 3AF,57.89995,-6.810014
HS3 3AG,57.95499,-6.733872
HS3 3AH,57.90795,-6.832904
HS3 3AJ,57.92013,-6.849337
HS3 3AL,57.9332,-6.846961
HS3 3AN,57.9435,-6.908548
HS3 3AP,57.9286,-6.836548
HS3 3AQ,57.95086,-6.731585
HS3 3AR,57.95149,-6.945703
HS3 3AS,57.96294,-6.995002
HS3 3AT,57.97166,-7.057819
HS3 3AU,57.95303,-6.94996
HS3 3AW,57.9464,-6.910198
HS3 3AX,57.98861,-7.081052
HS3 3AY,57.995,-7.096533
HS3 3AZ,58.00916,-7.102907
HS3 3BA,57.76533,-6.931349
HS3 3BD,57.91985,-6.682275
HS3 3BG,57.90207,-6.814201
HS3 3BH,57.90081,-6.811718
HS3 3BJ,57.90271,-6.81574
HS3 3BL,57.89904,-6.788131
HS3 3BP,57.88773,-6.733742
HS3 3BQ,57.89988,-6.813875
HS3 3BS,57.88451,-6.702343
HS3 3BW,57.89928,-6.771149
HS3 3DA,57.8989,-6.791204
HS3 3DB,57.89851,-6.796103
HS3 3DD,57.89918,-6.796665
HS3 3DE,57.89944,-6.794909
HS3 3DF,57.89743,-6.797732
HS3 3DG,57.89774,-6.798669
HS3 3DH,57.89923,-6.798428
HS3 3DJ,57.89824,-6.80279
HS3 3DL,57.89968,-6.802831
HS3 3DN,57.89441,-6.802786
HS3 3DP,57.89059,-6.794336
HS3 3DQ,57.86467,-6.822986
HS3 3DR,57.87983,-6.814009
HS3 3DS,57.90021,-6.786039
HS3 3DW,57.85228,-6.767733
HS3 3DX,57.85279,-6.768341
HS3 3DY,57.8662,-6.796401
HS3 3DZ,57.86752,-6.805389
HS3 3EB,57.84221,-6.756851
HS3 3ED,57.83168,-6.76337
HS3 3EF,57.83459,-6.798582
HS3 3EH,57.82856,-6.837761
HS3 3EJ,57.83078,-6.852546
HS3 3EL,57.8284,-6.853473
HS3 3EN,57.8158,-6.82477
HS3 3EP,57.81499,-6.803911
HS3 3ER,57.8209,-6.794112
HS3 3EX,57.80672,-6.863682
HS3 3EY,57.80071,-6.865634
HS3 3EZ,57.798,-6.872311
HS3 3HA,57.79706,-6.883608
HS3 3HB,57.81436,-6.858206
HS3 3HG,57.88994,-6.806867
HS3 3HJ,57.86467,-6.823002
HS3 3HL,57.88433,-6.944173
HS3 3HN,57.86126,-6.878869
HS3 3HP,57.86391,-6.951594
HS3 3HQ,57.88424,-6.813063
HS3 3HR,57.85787,-6.977937
HS3 3HS,57.8838,-7.010176
HS3 3HT,57.84276,-7.001558
HS3 3HX,57.83168,-7.034073
HS3 3JA,57.79653,-7.065442
HS3 3JD,57.77703,-6.921564
HS3 3JE,57.76017,-6.935071
HS3 3JF,57.76873,-6.912469
HS3 3JG,57.77716,-6.915032
HS3 3JH,57.77757,-6.915963
HS3 3JN,57.84546,-6.826013
HS3 3JQ,57.78088,-6.898326
HS3 3WZ,58.20817,-6.380048
HS3 3YA,57.86468,-6.822987
HS3 3YD,57.89812,-6.798535
HS4 3XU,57.87208,-6.698861
HS4 3XX,57.87326,-6.698425
HS4 3XY,57.87378,-6.692177
HS4 3XZ,57.87685,-6.697137
HS4 3YA,57.87126,-6.701353
HS4 3YB,57.86786,-6.701922
HS4 3YD,57.87382,-6.704389
HS4 3YF,57.86815,-6.693013
HS4 3YG,57.85962,-6.679818
HS4 3YH,57.85683,-6.641977
HS4 3YZ,57.85962,-6.679818
HS5 3NR,58.20817,-6.380048
HS5 3TL,57.76878,-7.007499
HS5 3TN,57.76654,-7.003636
HS5 3TS,57.77135,-7.014693
HS5 3TT,57.77198,-7.020505
HS5 3TU,57.77378,-7.022137
HS5 3TW,57.74617,-6.967129
HS5 3TX,57.77504,-7.026319
HS5 3TY,57.77883,-7.037188
HS5 3UA,57.76764,-7.015927
HS5 3UB,57.7658,-7.019815
HS5 3UD,57.75172,-7.000287
HS5 3UE,57.74389,-6.98396
HS5 3UF,57.7672,-7.025346
HS5 3YA,58.20817,-6.380048
HS6 5AA,57.60121,-7.163844
HS6 5AB,57.60061,-7.162619
HS6 5AD,57.5998,-7.162235
HS6 5AE,57.60497,-7.162904
HS6 5AF,57.61223,-7.158068
HS6 5AG,57.60735,-7.178162
HS6 5AH,57.5979,-7.18397
HS6 5AJ,57.71242,-7.281683
HS6 5AL,57.56996,-7.396368
HS6 5AN,57.64132,-7.286611
HS6 5AP,57.61985,-7.198426
HS6 5AQ,57.60645,-7.16774
HS6 5AR,57.62477,-7.199281
HS6 5AS,57.62947,-7.136011
HS6 5AT,57.64688,-7.094326
HS6 5AW,57.61302,-7.187202
HS6 5AX,57.65612,-7.105829
HS6 5AY,57.65915,-7.240289
HS6 5AZ,57.68098,-7.213128
HS6 5BA,57.7168,-7.173412
HS6 5BB,57.71679,-7.173428
HS6 5BD,57.71736,-7.173223
HS6 5BE,57.72551,-7.175735
HS6 5BF,57.71918,-7.174023
HS6 5BG,57.72164,-7.163258
HS6 5BH,57.71162,-7.174975
HS6 5BJ,57.71201,-7.181873
HS6 5BL,57.71206,-7.175642
HS6 5BN,57.68392,-7.251586
HS6 5BP,57.65277,-7.325178
HS6 5BQ,57.72271,-7.162756
HS6 5BR,57.71799,-7.157491
HS6 5BS,57.65008,-7.344454
HS6 5BT,57.65125,-7.346154
HS6 5BU,57.64738,-7.35876
HS6 5BW,57.6465,-7.272564
HS6 5BX,57.64238,-7.374217
HS6 5BY,57.63639,-7.395981
HS6 5BZ,57.65368,-7.447845
HS6 5DA,57.63731,-7.375277
HS6 5DE,57.61634,-7.501745
HS6 5DF,57.62101,-7.486936
HS6 5DG,57.62716,-7.491642
HS6 5DH,57.64227,-7.487401
HS6 5DL,57.60879,-7.516915
HS6 5DN,57.60585,-7.518229
HS6 5DQ,57.63239,-7.488927
HS6 5DS,57.58669,-7.442639
HS6 5DT,57.58501,-7.428296
HS6 5DU,57.57968,-7.415554
HS6 5DW,57.60161,-7.488548
HS6 5DX,57.58385,-7.442382
HS6 5DY,57.57796,-7.432018
HS6 5DZ,57.58083,-7.447659
HS6 5EB,57.58425,-7.452446
HS6 5ED,57.58847,-7.463468
HS6 5EF,57.58786,-7.474824
HS6 5EH,57.52099,-7.315685
HS6 5EJ,57.52637,-7.316236
HS6 5EL,57.52432,-7.314331
HS6 5EN,57.53716,-7.320489
HS6 5EP,57.56529,-7.384506
HS6 5ES,57.55648,-7.357352
HS6 5ET,57.54883,-7.354617
HS6 5EU,57.55123,-7.269566
HS6 5EW,57.57474,-7.404884
HS6 5EX,57.55169,-7.212788
HS6 5HA,57.56578,-7.291318
HS6 5HD,57.55241,-7.334654
HS6 5HE,57.54426,-7.342447
HS6 5HF,57.5516,-7.331288
HS6 5HG,57.53148,-7.365032
HS6 5HL,57.51477,-7.319895
HS6 5HN,57.51721,-7.28244
HS6 5HP,57.51092,-7.258687
HS6 5HQ,57.5334,-7.387954
HS6 5HR,57.523,-7.313252
HS6 5HT,57.49538,-7.267378
HS6 5HU,57.50097,-7.245284
HS6 5HW,57.51814,-7.26983
HS6 5HX,57.48921,-7.22182
HS6 5HY,57.48002,-7.209964
HS6 5JA,57.48574,-7.239502
HS6 5JB,57.48934,-7.256496
HS6 5JD,57.48915,-7.204868
HS6 5YD,57.60158,-7.163611
HS7 5AA,57.46428,-7.379786
HS7 5AB,57.47317,-7.390084
HS7 5AD,57.47442,-7.37495
HS7 5LA,57.47124,-7.371576
HS7 5LB,57.47205,-7.381467
HS7 5LD,57.47259,-7.387392
HS7 5LE,57.4715,-7.391891
HS7 5LF,57.47227,-7.390487
HS7 5LG,57.47183,-7.389803
HS7 5LH,57.47303,-7.388443
HS7 5LJ,57.4624,-7.362009
HS7 5LL,57.47387,-7.387247
HS7 5LN,57.47194,-7.378309
HS7 5LQ,57.47212,-7.386739
HS7 5LS,57.47309,-7.394115
HS7 5LT,57.46523,-7.384754
HS7 5LU,57.45739,-7.394851
HS7 5LW,57.474,-7.371982
HS7 5LX,57.47177,-7.355518
HS7 5LY,57.47461,-7.339681
HS7 5LZ,57.47978,-7.32465
HS7 5NB,57.4914,-7.337392
HS7 5ND,57.47229,-7.394097
HS7 5NE,57.47144,-7.393519
HS7 5NF,57.4726,-7.392105
HS7 5NG,57.47184,-7.377244
HS7 5NP,57.44119,-7.353338
HS7 5PG,57.41387,-7.335882
HS7 5PH,57.41141,-7.334222
HS7 5PJ,57.42554,-7.358554
HS7 5PL,57.42083,-7.343436
HS7 5PN,57.43684,-7.388079
HS7 5PP,57.43402,-7.360815
HS7 5PQ,57.41185,-7.334553
HS7 5PR,57.40942,-7.310171
HS7 5PS,57.40433,-7.27944
HS7 5PT,57.39603,-7.252807
HS7 5PW,57.4095,-7.328992
HS7 5PX,57.4624,-7.362009
HS7 5PY,57.42273,-7.336091
HS7 5PZ,57.42959,-7.338342
HS7 5QA,57.44279,-7.358446
HS7 5QB,57.44173,-7.35275
HS7 5QD,57.41243,-7.309241
HS7 5QF,57.41613,-7.299821
HS7 5QG,57.41133,-7.268577
HS7 5QH,57.41478,-7.235605
HS7 5QJ,57.42616,-7.21228
HS7 5QL,57.42929,-7.22035
HS7 5QP,57.47932,-7.305738
HS7 5QR,57.47677,-7.285823
HS7 5QS,57.47633,-7.271443
HS7 5WA,57.47407,-7.269729
HS7 5WX,57.41589,-7.337294
HS7 5WZ,57.47358,-7.378235
HS7 5YA,57.4624,-7.362009
HS7 5YB,57.4624,-7.362009
HS7 5YD,57.4624,-7.362009
HS8 5AB,57.24091,-7.384006
HS8 5AD,57.30062,-7.369346
HS8 5JH,57.08585,-7.30056
HS8 5JJ,57.08593,-7.306884
HS8 5JL,57.08228,-7.308262
HS8 5JN,57.07328,-7.303768
HS8 5JP,57.06553,-7.296811
HS8 5JR,57.08826,-7.290045
HS8 5JS,57.08863,-7.273899
HS8 5JT,57.08471,-7.307023
HS8 5JU,57.08475,-7.308351
HS8 5JW,57.07204,-7.297758
HS8 5NA,57.35286,-7.259573
HS8 5NS,57.33118,-7.279177
HS8 5NU,57.37009,-7.293677
HS8 5NX,57.36902,-7.282496
HS8 5NY,57.35938,-7.269484
HS8 5NZ,57.3433,-7.268271
HS8 5PD,57.37799,-7.297617
HS8 5PE,57.38479,-7.304166
HS8 5QX,57.39862,-7.350644
HS8 5QY,57.39121,-7.327612
HS8 5RA,57.39317,-7.369898
HS8 5RB,57.39726,-7.386934
HS8 5RD,57.39255,-7.393524
HS8 5RE,57.3879,-7.407972
HS8 5RF,57.38556,-7.422907
HS8 5RG,57.38573,-7.365175
HS8 5RH,57.39686,-7.331117
HS8 5RJ,57.39297,-7.334385
HS8 5RL,57.39203,-7.341331
HS8 5RP,57.35353,-7.358746
HS8 5RQ,57.39253,-7.352871
HS8 5RR,57.33229,-7.36353
HS8 5RS,57.32387,-7.368039
HS8 5RT,57.31097,-7.380971
HS8 5RU,57.39112,-7.340831
HS8 5RW,57.35364,-7.363839
HS8 5RX,57.20241,-7.399625
HS8 5RY,57.21125,-7.397205
HS8 5RZ,57.2225,-7.412422
HS8 5SA,57.24236,-7.399174
HS8 5SB,57.25801,-7.392255
HS8 5SD,57.2764,-7.401198
HS8 5SF,57.29026,-7.401306
HS8 5SG,57.28942,-7.385826
HS8 5SH,57.30141,-7.374167
HS8 5SJ,57.23884,-7.361746
HS8 5SL,57.22464,-7.342276
HS8 5SN,57.23538,-7.339518
HS8 5SQ,57.29216,-7.378631
HS8 5SS,57.16508,-7.372167
HS8 5ST,57.16724,-7.364597
HS8 5SU,57.16656,-7.362876
HS8 5SX,57.17503,-7.3762
HS8 5SY,57.18708,-7.396304
HS8 5SZ,57.15891,-7.369283
HS8 5TA,57.15189,-7.3828
HS8 5TB,57.15559,-7.381717
HS8 5TD,57.13729,-7.388503
HS8 5TE,57.12974,-7.376002
HS8 5TF,57.12844,-7.36284
HS8 5TG,57.16525,-7.360464
HS8 5TH,57.15412,-7.315647
HS8 5TJ,57.15432,-7.308009
HS8 5TL,57.15379,-7.308347
HS8 5TN,57.16054,-7.338135
HS8 5TP,57.15292,-7.306352
HS8 5TR,57.1089,-7.37476
HS8 5TS,57.10363,-7.334523
HS8 5TT,57.10656,-7.36607
HS8 5TU,57.11486,-7.371938
HS8 5TW,57.15817,-7.313151
HS8 5TX,57.12408,-7.373574
HS8 5TY,57.12556,-7.361182
HS8 5UA,57.13675,-7.328426
HS8 5UB,57.13675,-7.328443
HS8 5UD,57.13631,-7.30597
HS8 5UE,57.11439,-7.302678
HS9 5AB,57.00122,-7.478178
HS9 5UA,56.96302,-7.441336
HS9 5UB,56.96662,-7.433937
HS9 5UH,56.95774,-7.469061
HS9 5UJ,56.95389,-7.481671
HS9 5UL,56.95194,-7.482735
HS9 5UN,56.96212,-7.446228
HS9 5UP,56.96783,-7.435267
HS9 5UQ,56.95572,-7.480294
HS9 5UR,56.97168,-7.42497
HS9 5UT,56.98809,-7.414967
HS9 5UU,56.98191,-7.412929
HS9 5UW,56.96483,-7.432242
HS9 5UX,56.99599,-7.416299
HS9 5UY,56.99483,-7.402626
HS9 5UZ,56.95221,-7.487567
HS9 5XA,56.91798,-7.53874
HS9 5XB,56.95597,-7.494035
HS9 5XD,56.95561,-7.487706
HS9 5XE,56.95347,-7.497306
HS9 5XF,56.95541,-7.499223
HS9 5XG,56.95519,-7.49453
HS9 5XH,56.95332,-7.499079
HS9 5XJ,56.95472,-7.499566
HS9 5XL,56.95818,-7.502434
HS9 5XN,56.95615,-7.507338
HS9 5XP,56.95347,-7.498541
HS9 5XQ,56.95373,-7.496323
HS9 5XR,56.98053,-7.501784
HS9 5XS,56.98452,-7.500265
HS9 5XT,56.99581,-7.503946
HS9 5XU,57.00381,-7.483756
HS9 5XW,56.97073,-7.515644
HS9 5XX,57.00954,-7.494088
HS9 5XY,57.00226,-7.435552
HS9 5XZ,57.00067,-7.483342
HS9 5YA,57.00417,-7.420097
HS9 5YB,57.01164,-7.426037
HS9 5YD,57.04015,-7.433457
HS9 5YE,57.04161,-7.437287
HS9 5YF,56.94784,-7.530252
HS9 5YG,56.91798,-7.53874
HS9 5YH,57.00022,-7.421912
HS9 5YL,56.94421,-7.540961
HS9 5YN,56.93437,-7.504332
HS9 5YP,56.94317,-7.530612
HS9 5YQ,56.9999,-7.424142
HS9 5YR,57.03314,-7.434725
HS9 5YS,56.7854,-7.65349
HS9 5YU,56.91935,-7.536821
HS9 5YW,56.91942,-7.535382
HS9 5YZ,57.00417,-7.420097
HS9 5ZE,56.95405,-7.497211
